id;opening_hours;city;creation_date;street;email;phone_number;name
0;08:00-21:00;New York;4/3/17 14:06;E 84th St;billiard_pool_and_bowling_tournament@gmail.com;0499-071595;Billiard Pool And Bowling Tournament
1;12:00-23:00;;4/4/17 12:46;W 168th St;palliser_hotel@aol.com;0494-416309;Palliser Hotel
2;13:00-23:00;San Francisco;4/5/17 4:01;Thornton Ave;duffs@gmail.com;0495-750801;Duffs
3;12:00-20:00;San Francisco;4/5/17 4:59;Lassen Alley;[the_waldorf_astoria_hotel_(new_york,_ny)]@yahoo.com;0495-004404;[The Waldorf Astoria Hotel (New York, N.Y.)]
4;13:00-23:00;New York;4/6/17 4:37;York Ave;grand_hotel_royal@aol.com;0497-902845;Grand Hotel Royal
5;12:00-20:00;San Francisco;4/6/17 21:39;Christmas Tree Point Rd;the_spalding@yahoo.com;0496-025089;The Spalding
6;13:00-23:00;San Francisco;4/7/17 9:44;Gaviota Way;camp_wadsworth@aol.com;0497-545403;Camp Wadsworth
7;08:00-21:00;San Francisco;4/7/17 13:08;Moscow St;chula_vista@yahoo.com;0497-768114;Chula Vista
8;08:00-12:00;New York;4/8/17 10:03;Rector Pl;cafe_zur_frauenkirche_@yahoo.com;0494-847491;Cafe Zur Frauenkirche
9;12:00-20:00;New York;4/9/17 2:10;Cherry St;del_coronada_hotel@yahoo.com;0499-572241;Del Coronada Hotel
10;08:00-12:00;San Francisco;4/9/17 23:25;Pixley St;san_remo_hotel@aol.com;0499-049339;San Remo Hotel
11;08:00-21:00;San Francisco;4/10/17 15:26;37th Ave;old_poodle_dog_restaurant@inbox.com;0497-207420;Old Poodle Dog Restaurant
12;12:00-23:00;;4/10/17 19:20;Fort George Ave;roome_lodge@mail.com;0494-584106;Roome Lodge
13;13:00-23:00;New York;4/11/17 1:09;Leroy St;campi@yahoo.com;0497-846102;Campi
14;12:00-20:00;San Francisco;4/13/17 2:39;Central Ave;hotel_st_george@inbox.com;0497-692057;Hotel St. George
15;12:00-23:00;;4/13/17 10:49;Donner Ave;robert_e_peary@inbox.com;0494-709746;Robert E. Peary
16;12:00-23:00;;4/13/17 12:08;Harrison Blvd - Golden Gate National Recreation Area;henri_confiseur@inbox.com;0499-393361;Henri Confiseur
17;08:00-21:00;New York;4/14/17 1:04;W 163rd St;junket_club@gmail.com;0497-162179;Junket Club
18;08:00-12:00;San Francisco;4/14/17 10:41;Higuera Ave;the_pennsylvania_bar_association_on_behalf_of_the_bar_of_the_commonwealth@outlook.com;0495-673340;The Pennsylvania Bar Association On Behalf Of The Bar Of The Commonwealth
19;13:00-23:00;San Francisco;4/14/17 14:49;French Ct - Golden Gate National Recreation Area;pains_fireworks_co_employees@aol.com;0495-997499;Pains Fireworks Co. Employees
20;13:00-23:00;San Francisco;4/15/17 11:08;Jackson St;john_hart@yahoo.com;0495-220630;John Hart
21;12:00-23:00;;4/15/17 13:05;Bosworth St;ss_bruce@inbox.com;0495-086825;S.S. Bruce
22;13:00-23:00;New York;4/16/17 12:26;University Pl;ss_hastings@mail.com;0497-759548;S.S. Hastings
23;08:00-21:00;New York;4/16/17 19:34;W 105th St;waldorf_hotel@hotmail.com;0497-155341;Waldorf Hotel
24;12:00-23:00;;4/17/17 4:22;Cordelia St;greenhuts_lunch_room_at_18th_and_19th_streets@outlook.com;0497-157694;Greenhuts Lunch Room at 18th and 19th Streets.
25;13:00-23:00;San Francisco;4/20/17 23:22;Otis St;berkeley_class_of_91@hotmail.com;0499-030675;Berkeley Class Of 91
26;12:00-20:00;New York;4/21/17 1:55;Barrow St;iturbide_restaurant@outlook.com;0499-616306;Iturbide Restaurant
27;08:00-21:00;New York;4/22/17 1:13;W Broadway;societe_nationale_de_poudres_et_explosifs@yahoo.com;0498-576501;Societe Nationale De Poudres Et Explosifs
28;12:00-23:00;;4/22/17 9:33;Burke Ave;society_of_medical_jurisprudence@hotmail.com;0495-967704;Society Of Medical Jurisprudence
29;12:00-23:00;;4/22/17 19:31;W 116th St;national_wholesale__druggists_association@yahoo.com;0494-229559;National Wholesale  Druggists Association
30;12:00-23:00;;4/23/17 6:01;Harrison St;comrades_of_the_army_of_the_potomac@gmail.com;0494-503010;Comrades Of The Army Of The Potomac
31;08:00-12:00;San Francisco;4/23/17 9:48;Cesar Chavez;cathay_house@outlook.com;0494-615406;Cathay House
32;12:00-20:00;San Francisco;4/24/17 1:04;Loyola Terrace;national_association_of_photo_engravers@mail.com;0497-606847;National Association Of Photo Engravers
33;12:00-23:00;;4/24/17 5:24;Sunview Dr;tower_restaurant_and_cafe@yahoo.com;0496-446296;Tower Restaurant And Cafe
34;08:00-21:00;New York;4/25/17 3:03;E 17th St;the_lyric_theatre@inbox.com;0498-370890;The Lyric Theatre
35;08:00-12:00;New York;4/26/17 1:26;W 106th St;the_colony@yahoo.com;0499-485401;The Colony
36;12:00-23:00;;4/26/17 18:19;Clover St;friends_of_hanthony_dyer@gmail.com;0495-277891;Friends Of H.Anthony Dyer
37;08:00-12:00;New York;4/26/17 19:47;W 79th St;st_johns_lodge_no_1@gmail.com;0496-925897;St. Johns Lodge No. 1
38;12:00-23:00;;4/27/17 10:43;3rd Pl;alpha_deuteron_phi_gamma_delta@outlook.com;0494-756169;Alpha Deuteron Phi Gamma Delta
39;12:00-23:00;;4/27/17 22:10;Forest Knolls Dr;long_island_business_college_hall@gmail.com;0496-359481;Long Island Business College Hall
40;12:00-23:00;;4/28/17 12:25;W 98th St;ocean_house@mail.com;0499-857831;Ocean House
41;12:00-23:00;;4/28/17 14:52;S Hughes Ln - Golden Gate National Recreation Area;bert_hough_&_tony_franker___pabst_blue_ribbon@gmail.com;0498-587830;Bert Hough & Tony Franker   Pabst Blue Ribbon
42;13:00-23:00;New York;4/28/17 16:06;Bradhurst Ave;cigar_leaf_tobacco_board_of_trade_of_the_united_states@mail.com;0498-516439;Cigar Leaf Tobacco Board Of Trade Of The United States
43;13:00-23:00;New York;4/29/17 20:52;W 46th St;paquebot_ile_de_france@hotmail.com;0497-003833;Paquebot Ile De France
44;08:00-12:00;New York;4/30/17 1:25;Minetta Ln;blue_horizon@yahoo.com;0499-771130;Blue Horizon
45;12:00-23:00;;4/30/17 6:32;Reservoir Rd;usgovernment@gmail.com;0499-531905;U.S.Government
46;12:00-20:00;San Francisco;4/30/17 18:54;Glen Ct;sons_of_delaware@hotmail.com;0499-679840;Sons Of Delaware
47;08:00-12:00;San Francisco;5/1/17 6:49;Lathrop Ave;green_mountain_restaurant_diner@gmail.com;0498-209718;Green Mountain Restaurant Diner
48;13:00-23:00;San Francisco;5/1/17 20:57;Spruce St;wally_j@gmail.com;0498-137288;Wally J
49;13:00-23:00;San Francisco;5/2/17 3:51;Horace St;merchants_club___the_salvation_army@aol.com;0498-417586;Merchants Club   The Salvation Army
50;08:00-12:00;San Francisco;5/2/17 13:08;Cleo Rand Ln;sullivans@inbox.com;0496-197092;Sullivans
51;08:00-12:00;San Francisco;5/2/17 15:06;Morris St;northern_steamship_company/great_orthern_ry_line@hotmail.com;0498-169919;Northern Steamship Company/Great Orthern Ry. Line
52;08:00-12:00;New York;5/3/17 16:40;E 8th St;the_berkeley@mail.com;0497-915938;The Berkeley
53;08:00-21:00;New York;5/4/17 19:26;E 34th St;sherrys@outlook.com;0494-019956;Sherrys
54;08:00-21:00;San Francisco;5/7/17 8:47;Tapia Dr;medical_society_of_the_state_of_new_york@outlook.com;0497-233506;Medical Society Of The State Of New York
55;13:00-23:00;San Francisco;5/7/17 15:21;Monument Way;hamburg__armerika_linie@gmail.com;0499-110587;Hamburg  Armerika Linie
56;12:00-20:00;San Francisco;5/7/17 23:03;Jason Ct;saratogy_racing_association@outlook.com;0494-179301;Saratogy Racing Association
57;08:00-21:00;San Francisco;5/7/17 23:14;Minnesota St;geneva_society_international_society_of_hotel_employees@outlook.com;0494-817642;Geneva Society International Society Of Hotel Employees
58;13:00-23:00;New York;5/8/17 14:48;Arden St;hotel_dreyfus_french_restauranr@hotmail.com;0497-831105;Hotel Dreyfus French Restauranr
59;08:00-12:00;San Francisco;5/8/17 15:25;Cameo Way;harrys_bar@aol.com;0497-835799;Harrys Bar
60;08:00-12:00;San Francisco;5/8/17 21:27;Mcrae Ln - Golden Gate National Recreation Area;cercle_francais_de_lharmonie@inbox.com;0494-211372;Cercle Francais De Lharmonie
61;13:00-23:00;San Francisco;5/9/17 0:23;Conservatory Access Rd;new_hotel_berkeley,the@inbox.com;0498-146795;New Hotel Berkeley,The
62;08:00-21:00;New York;5/10/17 0:08;W 94th St;hotel_cecil@gmail.com;0499-726854;Hotel Cecil
63;08:00-12:00;San Francisco;5/10/17 5:24;Stow Lake Dr;the_hannaberry_&_moran_dining_room@aol.com;0499-250058;The Hannaberry & Moran Dining Room
64;13:00-23:00;New York;5/10/17 17:33;Marginal St;leon_&_eddies@gmail.com;0495-181886;Leon & Eddies
65;13:00-23:00;San Francisco;5/11/17 2:35;Hwy 82;the_homestead_gwinn@outlook.com;0494-985549;The Homestead Gwinn
66;08:00-12:00;San Francisco;5/11/17 12:17;Lomita Ave;french_circle@hotmail.com;0495-007887;French Circle
67;08:00-12:00;New York;5/12/17 2:35;Rose St;manhanset_house@aol.com;0496-352756;Manhanset House
68;08:00-12:00;San Francisco;5/12/17 12:59;Minna St;cigar_manufacturers@yahoo.com;0496-049406;Cigar Manufacturers
69;13:00-23:00;New York;5/13/17 5:35;E 117th St;kronenhalle@outlook.com;0499-590224;Kronenhalle
70;12:00-23:00;;5/13/17 10:36;Incinerator Rd;winthrop_hotel@hotmail.com;0498-308091;Winthrop Hotel
71;12:00-20:00;San Francisco;5/13/17 22:45;Alma St;lafayette_hotel@yahoo.com;0494-673468;Lafayette Hotel
72;12:00-23:00;;5/14/17 1:44;W 82nd St;los_angeles_consistory_#3@yahoo.com;0498-321326;Los Angeles Consistory #3
73;13:00-23:00;San Francisco;5/14/17 5:46;Dodge Pl;hotel_ponce_de_leon@outlook.com;0496-508045;Hotel Ponce De Leon
74;13:00-23:00;San Francisco;5/14/17 9:22;Terra Vista Ave;la_vicomtesse_parker@aol.com;0496-009626;La Vicomtesse Parker
75;13:00-23:00;New York;5/14/17 18:28;W 90th St;ritz-carlton@gmail.com;0498-293424;Ritz-Carlton
76;08:00-21:00;New York;5/15/17 9:47;Dyer Ave;canadian_pacific_railway_co___ss_alberta@aol.com;0495-668133;Canadian Pacific Railway Co.   S.S. Alberta
77;08:00-21:00;San Francisco;5/16/17 1:17;King St;the_essex_hotel_the_colonnades@outlook.com;0496-311243;The Essex Hotel The Colonnades
78;12:00-23:00;;5/16/17 5:04;Haight St;amity_hall_inn@inbox.com;0497-081463;Amity Hall Inn
79;08:00-12:00;San Francisco;5/17/17 2:30;Santa Cruz Ave;gardner_&_smith@hotmail.com;0497-126104;Gardner & Smith
80;13:00-23:00;San Francisco;5/17/17 14:28;Foote Ave;the_scandia@gmail.com;0494-664925;The Scandia
81;12:00-20:00;San Francisco;5/17/17 16:49;Clipper Cove Way;essex_house_at_the_colonnades@yahoo.com;0496-262728;Essex House At The Colonnades
82;12:00-20:00;San Francisco;5/18/17 20:22;Diaz Ave;the_french_village@gmail.com;0497-268817;The French Village
83;12:00-23:00;;5/19/17 7:55;Riverside Dr;norge_hotel@hotmail.com;0497-550012;Norge Hotel
84;12:00-23:00;;5/19/17 10:57;Beacon St;au_chat_noir@hotmail.com;0495-777151;Au Chat Noir
85;12:00-20:00;San Francisco;5/20/17 0:18;De Boom St;don_roths_blackhawk_restaurant@gmail.com;0495-750239;Don Roths Blackhawk Restaurant
86;12:00-23:00;;5/20/17 6:48;Stuyvesant St;the_hotel_roosevelt@inbox.com;0497-436123;The Hotel Roosevelt
87;13:00-23:00;New York;5/20/17 7:01;W 157th St;the_pullman_company@inbox.com;0494-454409;The Pullman Company
88;08:00-12:00;San Francisco;5/20/17 16:17;Nottingham Pl;quill_and_dagger_club@inbox.com;0499-486861;Quill And Dagger Club
89;13:00-23:00;New York;5/21/17 8:41;Avenue A;new_york_state_hotel_association@mail.com;0498-077948;New York State Hotel Association
90;13:00-23:00;New York;5/23/17 9:39;Warren St;ristorante_cova@aol.com;0495-720584;Ristorante Cova
91;08:00-21:00;New York;5/25/17 9:39;Paladino Ave;society_of_colonial_wars_in_the_state_of_new_jersey@hotmail.com;0496-071272;Society Of Colonial Wars In The State Of New Jersey
92;08:00-12:00;San Francisco;5/25/17 10:45;Addison St;patent_law_associaton_of_washington@outlook.com;0495-881993;Patent Law Associaton Of Washington
93;13:00-23:00;New York;5/25/17 18:15;Little West 12th St;[restaurant_and/or_location_not_given]@mail.com;0496-889479;[Restaurant And/Or Location Not Given]
94;13:00-23:00;New York;5/26/17 4:35;E 39th St;pear_and_pardritge@inbox.com;0494-818290;Pear And Pardritge
95;08:00-12:00;San Francisco;5/27/17 3:06;Iron Alley;huguenin@gmail.com;0495-693633;Huguenin
96;12:00-23:00;;5/27/17 7:06;Kenwood Way;mckees_restaurant@inbox.com;0495-516587;McKees Restaurant
97;13:00-23:00;San Francisco;5/27/17 9:13;Wilde Ave;elka_park_association@outlook.com;0496-577049;Elka Park Association
98;13:00-23:00;New York;5/27/17 20:39;W 116th St;ewings_new_restaurant@outlook.com;0494-245261;Ewings New Restaurant
99;08:00-12:00;New York;5/28/17 5:25;Sheriff St;national_republican_club_house_[?]@inbox.com;0494-369190;National Republican Club House [?]
100;13:00-23:00;New York;5/28/17 18:13;Amsterdam Ave;kempinski_restaurant@mail.com;0497-742699;Kempinski Restaurant
101;13:00-23:00;New York;5/29/17 23:16;Pomander Walk;luccionis@mail.com;0499-167949;Luccionis
102;12:00-23:00;;5/30/17 7:49;Lincoln Way;library_room@aol.com;0496-312433;Library Room
103;13:00-23:00;New York;5/30/17 9:20;John Jay Byrne Bridge;volapukakluba_nolumelopik@inbox.com;0495-155452;Volapukakluba Nolumelopik
104;13:00-23:00;San Francisco;5/30/17 9:44;Bryant Ln;wells_river_fish_and_game_club@yahoo.com;0498-251750;Wells River Fish And Game Club
105;08:00-21:00;New York;5/30/17 21:40;E 52nd St;broadway_tabernacle_church@hotmail.com;0497-404394;Broadway Tabernacle Church
106;12:00-20:00;New York;5/31/17 8:42;Park Pl;the_concord@yahoo.com;0498-089105;The Concord
107;13:00-23:00;San Francisco;5/31/17 22:45;Alta St;sangamo_club@inbox.com;0496-311062;Sangamo Club
108;08:00-12:00;San Francisco;6/1/17 11:18;Ophir Alley;mouquin_restaurant_&_wine_co@hotmail.com;0494-803235;Mouquin Restaurant & Wine Co.
109;08:00-12:00;San Francisco;6/2/17 14:04;39th Ave;stammhaus@outlook.com;0495-003335;Stammhaus
110;12:00-20:00;San Francisco;6/2/17 23:17;Cosmo Pl;hardware_and_metal_trades@mail.com;0497-381236;Hardware And Metal Trades
111;12:00-23:00;;6/3/17 6:10;Mansfield St;pennsylvania_tours_to_the_golden_gate@hotmail.com;0499-240382;Pennsylvania Tours To The Golden Gate
112;08:00-21:00;San Francisco;6/5/17 5:37;Mcrae Ln - Golden Gate National Recreation Area;taj@gmail.com;0496-945579;Taj
113;13:00-23:00;New York;6/5/17 15:21;Thelonius Monk Cir;aviation_terrace@mail.com;0499-758005;Aviation Terrace
114;08:00-21:00;New York;6/6/17 5:35;E 118th St;mexican_american_ss_co@aol.com;0494-061867;Mexican American S.S. Co.
115;08:00-12:00;San Francisco;6/8/17 6:24;J St;quill_and_dagger@gmail.com;0497-508830;Quill And Dagger
116;12:00-20:00;New York;6/8/17 13:23;Cliff St;leones@yahoo.com;0495-793323;Leones
117;13:00-23:00;New York;6/8/17 20:26;Thelonius Monk Cir;the_windsor@yahoo.com;0497-298521;The Windsor
118;12:00-20:00;San Francisco;6/10/17 1:07;Belvedere St;dramaten_restaurangen@inbox.com;0494-988561;Dramaten Restaurangen
119;08:00-12:00;San Francisco;6/10/17 12:17;Edgardo Pl;pullman_dining_car_serfvice_the_president@hotmail.com;0495-974544;Pullman Dining Car Serfvice The President
120;12:00-23:00;;6/11/17 5:52;Nike Rd;royal_literary_fund@mail.com;0494-481828;Royal Literary Fund
121;12:00-20:00;New York;6/11/17 7:23;Bank St;mr_smfelton@yahoo.com;0495-955929;Mr. S.M.Felton
122;13:00-23:00;San Francisco;6/11/17 23:51;Park Presidio Blvd;shanes@inbox.com;0495-418146;Shanes
123;08:00-12:00;San Francisco;6/12/17 0:52;Milton I Ross Ln;crawfords@inbox.com;0494-658590;Crawfords
124;12:00-23:00;;6/12/17 11:33;Baxter St;streets_of_mexico_restaurant@yahoo.com;0495-089881;Streets Of Mexico Restaurant
125;08:00-12:00;San Francisco;6/12/17 12:25;Bernice St;alberg_inn@outlook.com;0494-075817;Alberg Inn
126;08:00-12:00;San Francisco;6/12/17 13:17;Curtis St;jack_trayers@mail.com;0494-232218;Jack Trayers
127;08:00-12:00;San Francisco;6/14/17 2:13;16th Ave;riggs_house@yahoo.com;0495-706008;Riggs House
128;12:00-20:00;San Francisco;6/14/17 10:45;Islais St;chicken_ranch@aol.com;0498-127118;Chicken Ranch
129;12:00-20:00;New York;6/14/17 11:14;W 60th St;hotel_worthy@aol.com;0498-745816;Hotel Worthy
130;08:00-12:00;San Francisco;6/14/17 20:02;Mayfair Dr;connecticut_society_of_civil_engineers@yahoo.com;0494-759015;Connecticut Society Of Civil Engineers
131;08:00-12:00;San Francisco;6/14/17 22:13;Margaret Ave;carlton_terrace@mail.com;0498-628910;Carlton Terrace
132;12:00-23:00;;6/15/17 5:52;Manor Dr;karl_ratzschs@hotmail.com;0498-457437;Karl Ratzschs
133;12:00-23:00;;6/15/17 7:41;Nevada St;the_guaranty_club@yahoo.com;0495-732270;The Guaranty Club
134;12:00-23:00;;6/15/17 21:28;Ashwood Ln;the_upholstey_and_allied_trades@yahoo.com;0499-348306;The Upholstey And Allied Trades
135;13:00-23:00;San Francisco;6/16/17 1:07;Avenue C;joe_coluccis_puccini_restaurant@aol.com;0498-592335;Joe Coluccis Puccini Restaurant
136;12:00-23:00;;6/16/17 3:47;Doublerock St;brasserie_dalsace@mail.com;0495-312358;Brasserie Dalsace
137;12:00-20:00;New York;6/16/17 11:58;Morningside Dr;rubinstein_club@gmail.com;0495-178975;Rubinstein Club
138;12:00-23:00;;6/16/17 13:15;3rd Pl;park_lane@aol.com;0498-053394;Park Lane
139;13:00-23:00;New York;6/17/17 9:32;59th St Bridge;jacob_reiss@aol.com;0494-056519;Jacob Reiss
140;08:00-21:00;San Francisco;6/19/17 23:50;Melba Ave;norfolk_and_western_railway,_southern_railway_system@hotmail.com;0494-616661;Norfolk And Western Railway, Southern Railway System
141;08:00-21:00;San Francisco;6/20/17 9:43;Harper St;hotel_new_weston@yahoo.com;0495-938854;Hotel New Weston
142;08:00-12:00;San Francisco;6/20/17 18:14;Beaver St;princess_hotel@aol.com;0495-221082;Princess Hotel
143;08:00-12:00;New York;6/21/17 19:19;W 157th St;stockeld_park@hotmail.com;0499-188589;Stockeld Park
144;12:00-23:00;;6/22/17 7:40;Lloyd St;municipal_art_society@inbox.com;0499-650581;Municipal Art Society
145;12:00-23:00;;6/23/17 7:36;Pearl St;cocoanut_grove@inbox.com;0494-400826;Cocoanut Grove
146;08:00-12:00;New York;6/23/17 20:19;Randalls Is Rd;kalils_restaurant@gmail.com;0495-409004;Kalils Restaurant
147;12:00-23:00;;6/24/17 3:16;Cabrillo St;international_railway_congress@hotmail.com;0494-344541;International Railway Congress
148;13:00-23:00;New York;6/27/17 1:11;Tiemann Pl;nippon_yusen_kaisha___sskobe_liaru@aol.com;0496-749513;Nippon Yusen Kaisha   S.S.Kobe Liaru
149;12:00-23:00;;6/28/17 16:26;Faxon Ave;union_pacific__railroad@inbox.com;0495-218313;Union Pacific  Railroad
150;13:00-23:00;New York;6/28/17 21:44;Cannon St;the_waldorf_astoria_hotel@inbox.com;0494-929274;The Waldorf Astoria Hotel
151;13:00-23:00;New York;6/29/17 6:06;Jones Alley;chateau_frontenac_hotel@hotmail.com;0499-824348;Chateau Frontenac Hotel
152;08:00-12:00;New York;6/30/17 5:43;Wall St;savoy_grill@yahoo.com;0497-606598;Savoy Grill
153;12:00-23:00;;6/30/17 11:41;Hay Rd;eastern_hotel@gmail.com;0495-942778;Eastern Hotel
154;13:00-23:00;San Francisco;7/1/17 3:13;Spreckels Lake Dr;veteran_association_of_the_5th_ny_artillery_volunteers@mail.com;0494-819100;Veteran Association Of The 5th Ny Artillery Volunteers
155;12:00-20:00;New York;7/1/17 6:22;S Street Viaduct;mayer@inbox.com;0495-219710;Mayer
156;08:00-12:00;New York;7/1/17 12:47;Fort Washington Ave;volks_restaurant@outlook.com;0496-818382;Volks Restaurant
157;08:00-21:00;New York;7/2/17 8:48;W 144th St;dewitt_clinton_council_no22_r&s_m@gmail.com;0495-500960;Dewitt Clinton Council No.22 R&S M
158;08:00-21:00;New York;7/2/17 19:11;W 143rd St;the_radisson_hotels@inbox.com;0494-801377;The Radisson Hotels
159;12:00-23:00;;7/3/17 13:43;Avenue M;restaurant_faberhof@outlook.com;0494-730473;Restaurant Faberhof
160;12:00-20:00;New York;7/5/17 19:32;E 58th St;us_military_academy@gmail.com;0495-544104;Us Military Academy
161;08:00-12:00;San Francisco;7/6/17 20:49;Upton St;hotel_empire@yahoo.com;0497-936628;Hotel Empire
162;12:00-23:00;;7/7/17 5:10;Winn Way - Golden Gate National Recreation Area;associates_of_the_enginer_corps_and_company_k@gmail.com;0495-143410;Associates Of The Enginer Corps And Company K
163;12:00-23:00;;7/7/17 10:37;Carl St;the_streamliner@gmail.com;0495-160486;The Streamliner
164;12:00-23:00;;7/7/17 17:51;Urbano Dr;brooklyn_democratic_club@yahoo.com;0496-931729;Brooklyn Democratic Club
165;08:00-21:00;New York;7/8/17 9:19;Thompson St;norge_hotel@inbox.com;0495-617859;Norge Hotel
166;12:00-23:00;;7/10/17 7:40;Elk St;assembly@gmail.com;0494-892101;Assembly
167;08:00-21:00;San Francisco;7/10/17 11:42;Folsom St;florida_postmasters_association@gmail.com;0499-468400;Florida Postmasters Association
168;08:00-21:00;San Francisco;7/11/17 6:41;Bartlett St;new_york_library_club@mail.com;0496-516225;New York Library Club
169;12:00-20:00;San Francisco;7/12/17 16:18;Middle Point Rd;new_england_delegation_of_hmmba@mail.com;0499-644955;New England Delegation Of H.M.M.B.A.
170;08:00-12:00;San Francisco;7/13/17 20:29;Lunado Ct;grill_car@outlook.com;0494-323846;Grill Car
171;12:00-23:00;;7/14/17 5:42;Edith St;century_club?@inbox.com;0498-662968;Century Club?
172;08:00-21:00;San Francisco;7/14/17 22:16;Lulu Alley;oceanic_steamship_company___ventura@aol.com;0498-620530;Oceanic Steamship Company   Ventura
173;08:00-12:00;New York;7/15/17 6:19;W 42nd St;park_lane@outlook.com;0497-612011;Park Lane
174;13:00-23:00;New York;7/16/17 6:51;E 91st St;complimentary_banquet,_mount_nelson_hotel_cape_town,_sa@outlook.com;0495-873566;Complimentary Banquet, Mount Nelson Hotel Cape Town, S.A.
175;08:00-12:00;San Francisco;7/16/17 13:28;Heritage;harry_voilers_trocadero_restaurant@inbox.com;0498-227782;Harry Voilers Trocadero Restaurant
176;12:00-23:00;;7/17/17 14:10;Gramercy Park W;royal_york_hotel@yahoo.com;0499-519605;Royal York Hotel
177;12:00-23:00;;7/18/17 11:13;Minetta St;rotisserie_de_la_table_du_roy_(le_chef_georges)@outlook.com;0497-312894;Rotisserie De La Table Du Roy (Le Chef Georges)
178;13:00-23:00;New York;7/18/17 21:43;W 22nd St;league_building@mail.com;0494-973550;League Building
179;12:00-20:00;San Francisco;7/18/17 23:55;Arballo Dr;cincinnati_lodge_of_elks_no_5@yahoo.com;0497-397787;Cincinnati Lodge Of Elks No. 5
180;13:00-23:00;New York;7/21/17 8:41;Nagle Ave;unione_panettieri_italiani@yahoo.com;0497-511141;Unione Panettieri Italiani
181;13:00-23:00;New York;7/24/17 4:58;Escanaba Rd;delta_kappa_epsilon_fraternity@aol.com;0494-762373;Delta Kappa Epsilon Fraternity
182;13:00-23:00;New York;7/25/17 1:03;Macdougal St;the_national_arts_club@mail.com;0495-640880;The National Arts Club
183;12:00-23:00;;7/26/17 8:00;Italy Ave;yale_alumni_association@mail.com;0498-591241;Yale Alumni Association
184;12:00-23:00;;7/26/17 8:51;W 102nd St;neuman_&_bogdonoff@gmail.com;0495-494828;Neuman & Bogdonoff
185;08:00-12:00;San Francisco;7/26/17 16:12;Hubbell St;bevan_house@hotmail.com;0498-318834;Bevan House
186;12:00-20:00;San Francisco;7/28/17 18:54;Blanche St;the_guaranty_club@gmail.com;0498-243008;The Guaranty Club
187;13:00-23:00;New York;7/30/17 4:56;Lincoln Center Plaza;the_astor@outlook.com;0498-833471;The Astor
188;13:00-23:00;San Francisco;8/1/17 5:18;Cresta Vista Dr;steinbergs_dairy@hotmail.com;0499-107536;Steinbergs Dairy
189;13:00-23:00;San Francisco;8/2/17 9:01;Dale Pl;paul_clemann@yahoo.com;0498-742579;Paul Clemann
190;08:00-21:00;New York;8/6/17 12:10;E 52nd St;old_prague_restaurant@mail.com;0496-342584;Old Prague Restaurant
191;12:00-23:00;;8/7/17 1:12;Pell St;hotel_gloria@inbox.com;0499-713286;Hotel Gloria
192;12:00-23:00;;8/7/17 13:00;Marine Dr;harrys_bar@aol.com;0494-616328;Harrys Bar
193;12:00-23:00;;8/7/17 16:57;Burgoyne St;the_cleveland_bankers@yahoo.com;0496-641689;The Cleveland Bankers
194;13:00-23:00;San Francisco;8/8/17 4:18;Mizpah St;ristorante_alfredo_alla_scrofa@aol.com;0495-327881;Ristorante Alfredo Alla Scrofa
195;08:00-12:00;San Francisco;8/8/17 7:08;H St;president_of_jamestown_exposition_company_(h_st_george_tucker)__and_mrs_tucker@hotmail.com;0499-859220;President Of Jamestown Exposition Company (H. St. George Tucker)  And Mrs. Tucker
196;08:00-21:00;New York;8/9/17 13:04;W 97th St;dinner_held_by_pennsylvania_railroad@mail.com;0495-654190;Dinner Held By Pennsylvania Railroad
197;12:00-20:00;San Francisco;8/9/17 19:03;21st St;hong_kong_restaurant@mail.com;0499-499869;Hong Kong Restaurant
198;12:00-23:00;;8/11/17 19:26;W 163rd St;spengers_fish_grotto@yahoo.com;0498-676339;Spengers Fish Grotto
199;13:00-23:00;San Francisco;8/12/17 17:39;Amador St;purcell_house@hotmail.com;0499-685520;Purcell House
200;08:00-21:00;New York;8/13/17 20:18;Chambers St;warrant_officers_of_the_us_north_atlantic_squadron@hotmail.com;0499-282218;Warrant Officers Of The U.S. North Atlantic Squadron
201;12:00-23:00;;8/14/17 15:26;Spofford St;state_department_special_to_the_pand_american_congress_at_the_city_of_mexico_(pullman_car_service)@inbox.com;0494-454774;State Department Special To The Pand American Congress At The City Of Mexico (Pullman Car Service)
202;12:00-23:00;;8/14/17 22:32;Gardenside Dr;royal_hawaiian_hotel_(sheraton_hotels_in_hawaii)@outlook.com;0498-522720;Royal Hawaiian Hotel (Sheraton Hotels In Hawaii)
203;08:00-21:00;San Francisco;8/15/17 2:20;C St;brevoort_house@aol.com;0498-994926;Brevoort House
204;12:00-23:00;;8/15/17 6:47;Knott Ct;dante@inbox.com;0498-723637;Dante
205;08:00-12:00;New York;8/15/17 14:11;E 56th St;le_pistou@inbox.com;0496-903236;Le Pistou
206;13:00-23:00;New York;8/16/17 0:58;W 14th St;london_welsh_lodge@mail.com;0494-083351;London Welsh Lodge
207;08:00-21:00;New York;8/17/17 0:41;Harlem River Dr;agora@hotmail.com;0498-440239;Agora
208;12:00-23:00;;8/17/17 21:24;W 174th St;toyo_kisen_kaisha__hong_kong_maru@hotmail.com;0497-231028;Toyo Kisen Kaisha  Hong Kong Maru
209;08:00-21:00;San Francisco;8/18/17 15:07;Drake St;brooklyn_daily_eagle_staff@mail.com;0495-413294;Brooklyn Daily Eagle Staff
210;12:00-23:00;;8/18/17 18:50;Renwick St;society_of_medical_jurisprudence@outlook.com;0498-605486;Society Of Medical Jurisprudence
211;13:00-23:00;New York;8/19/17 5:54;Marble Hill Ln;joseph_pulitzer@aol.com;0494-529945;Joseph Pulitzer
212;08:00-21:00;New York;8/19/17 9:47;E 50th St;(fifth_avenue_hotel?}@yahoo.com;0495-366407;(Fifth Avenue Hotel?}
213;08:00-12:00;New York;8/19/17 11:12;Wall St;oregon_railroad_&_navigation_co@gmail.com;0498-625563;Oregon Railroad & Navigation Co.
214;12:00-20:00;San Francisco;8/21/17 18:32;Bret Harte Terrace;st_martins_lodge_no2455@mail.com;0495-278202;St. Martins Lodge No.2455
215;08:00-12:00;New York;8/23/17 3:29;W 34th St;usms_philadelphia,_third_class_menu@aol.com;0496-732595;U.S.M.S. Philadelphia, Third Class Menu.
216;12:00-23:00;;8/27/17 2:45;59th St Bridge;hotel_pontchartrain@hotmail.com;0499-317476;Hotel Pontchartrain
217;13:00-23:00;New York;8/27/17 9:47;Colonel Robert Magaw Pl;cafe_new_york_restaurant@aol.com;0498-062323;Cafe New York Restaurant
218;08:00-21:00;San Francisco;8/27/17 14:53;Himmelmann Pl;the_lambs@mail.com;0499-722010;The Lambs
219;12:00-23:00;;8/29/17 16:07;W 37th St;jj_haggartys_mezzanine_tea_room@gmail.com;0496-665065;J.J. Haggartys Mezzanine Tea Room
220;12:00-23:00;;8/29/17 22:06;W 220th St;steamship_yucatan@inbox.com;0495-294565;Steamship Yucatan
221;08:00-21:00;New York;8/30/17 4:19;Convent Ave;hotel_ingleside_motel@aol.com;0498-763590;Hotel Ingleside Motel
222;08:00-12:00;New York;8/30/17 11:51;W 155th St;larrys_country_inn@yahoo.com;0499-138846;Larrys Country Inn
223;12:00-23:00;;8/30/17 23:45;W 124th St;alumni_association_of_public_school_no26@outlook.com;0494-317597;Alumni Association Of Public School No.26
224;08:00-21:00;San Francisco;8/31/17 6:42;Farragut Ave;rms_parthia@yahoo.com;0495-104482;R.M.S. Parthia
225;12:00-20:00;New York;8/31/17 8:29;E 81st St;town_and_country@mail.com;0496-293959;Town And Country
226;12:00-23:00;;9/1/17 6:20;Elm St;waldorf_astoria_hotel@hotmail.com;0494-718497;Waldorf Astoria Hotel
227;13:00-23:00;New York;9/1/17 8:59;W 130th St;congress_hotel_association@yahoo.com;0494-531353;Congress Hotel Association
228;13:00-23:00;New York;9/1/17 17:04;W 132nd St;harvard_university@mail.com;0499-663789;Harvard University
229;12:00-23:00;;9/2/17 10:04;Gramercy Park N;deutsche_gesandtschaft@gmail.com;0494-127280;Deutsche Gesandtschaft
230;12:00-20:00;San Francisco;9/2/17 10:21;Amatury Loop - Golden Gate National Recreation Area;incorporated_institute_of_accountants@inbox.com;0497-335529;Incorporated Institute Of Accountants
231;12:00-20:00;San Francisco;9/2/17 17:42;Hiliritas Ave;town_hall@mail.com;0496-434000;Town Hall
232;13:00-23:00;New York;9/3/17 10:51;Franklin St;little_china@hotmail.com;0494-853775;Little China
233;12:00-23:00;;9/3/17 21:35;Legion Memorial Square;great_northern@inbox.com;0496-703539;Great Northern
234;13:00-23:00;New York;9/4/17 3:02;Dongan Pl;community_of_zurich@inbox.com;0499-332744;Community Of Zurich
235;12:00-23:00;;9/6/17 17:10;Commer Ct;the_four_seasons_motor_hotel@hotmail.com;0499-081563;The Four Seasons Motor Hotel
236;12:00-23:00;;9/7/17 9:47;E 9th St;german_savings_bank_of_brooklyn@hotmail.com;0497-307601;German Savings Bank Of Brooklyn
237;12:00-23:00;;9/9/17 11:46;Annie St;henry_van_schaick@yahoo.com;0498-028115;Henry Van Schaick
238;08:00-21:00;New York;9/10/17 0:18;Joe Dimaggio Hwy;the_buffalo_orpheus@outlook.com;0496-736045;The Buffalo Orpheus
239;13:00-23:00;New York;9/10/17 12:35;W 62nd St;s_s_president_wilson@gmail.com;0496-652083;S. S. President Wilson
240;12:00-23:00;;9/11/17 3:08;Moneta Way;the_pabst@yahoo.com;0497-859751;The Pabst
241;08:00-12:00;San Francisco;9/11/17 21:56;Avery St;the_commodore_hotel@hotmail.com;0495-929663;The Commodore Hotel
242;12:00-20:00;New York;9/12/17 16:04;W 82nd St;providence_art_club@mail.com;0498-391969;Providence Art Club
243;12:00-20:00;San Francisco;9/14/17 3:06;Sawyer St;north_shore_country_club___main_lounge@inbox.com;0499-318356;North Shore Country Club   Main Lounge
244;13:00-23:00;San Francisco;9/15/17 13:33;Badger St;ss_constitution@aol.com;0496-569278;S.S. Constitution
245;12:00-23:00;;9/16/17 10:18;Loomis St;veteran_corps_of_artillery_military_society_of_the_war_of_1812@outlook.com;0495-562736;Veteran Corps Of Artillery Military Society Of The War Of 1812
246;08:00-21:00;San Francisco;9/17/17 3:11;Yerba Buena Dr;barkers_restaurant_and_lunch_room@aol.com;0496-818071;Barkers Restaurant and Lunch Room
247;08:00-12:00;San Francisco;9/17/17 10:06;Elizabeth St;terminal_station_lunch_room@yahoo.com;0499-023944;Terminal Station Lunch Room
248;08:00-12:00;San Francisco;9/18/17 7:05;Castle Manor Ave;casa_del_rey@yahoo.com;0498-368447;Casa Del Rey
249;12:00-23:00;;9/18/17 17:11;Point Lobos;king_umberto_and_queen_margharita@yahoo.com;0495-066886;King Umberto And Queen Margharita
250;12:00-23:00;;9/19/17 11:30;Annie St;western_reserve_university@mail.com;0498-266434;Western Reserve University
251;12:00-23:00;;9/20/17 1:06;R St;graemere_hotel@mail.com;0494-021028;Graemere Hotel
252;12:00-23:00;;9/20/17 23:51;E 73rd St;greenhut-siegel_cooper_co@yahoo.com;0495-593848;Greenhut-Siegel Cooper Co.
253;08:00-12:00;San Francisco;9/22/17 22:30;Belvedere St;the_brown_palace_hotel@yahoo.com;0499-345063;The Brown Palace Hotel
254;12:00-20:00;San Francisco;9/23/17 4:16;Rosenkranz St;university_of_catania@inbox.com;0494-463757;University Of Catania
255;12:00-23:00;;9/25/17 15:42;Latona St;toyo_kisen_kaisha__hong_kong_maru@hotmail.com;0498-994404;Toyo Kisen Kaisha  Hong Kong Maru
256;12:00-20:00;New York;9/27/17 1:47;2nd Pl;north_carolina_society_of_new_york@hotmail.com;0498-182365;North Carolina Society Of New York
257;08:00-12:00;San Francisco;9/27/17 18:27;Montague Pl;testimonial_dinner,_little_hungary@hotmail.com;0496-818288;Testimonial Dinner, Little Hungary
258;12:00-23:00;;9/28/17 17:21;Donahue St;san_souci___beverly_wilshire_hotel@mail.com;0499-679087;San Souci   Beverly Wilshire Hotel
259;12:00-23:00;;9/29/17 2:17;W 176th St;chambre_de_commerce_francaise_de_new_york@outlook.com;0498-709834;Chambre De Commerce Francaise De New York
260;13:00-23:00;New York;9/29/17 6:56;Mangin St;friends_of_mr_arthur_j_okeeffe@aol.com;0494-112750;Friends Of Mr. Arthur J. Okeeffe
261;12:00-23:00;;9/30/17 16:39;Codman Pl;salle_hotel@gmail.com;0498-575430;Salle Hotel
262;08:00-21:00;New York;10/1/17 10:01;E 123rd St;the_red_onion@hotmail.com;0499-622718;The Red Onion
263;12:00-23:00;;10/1/17 18:57;Nathan D Perlman Pl;hotel_chittenden@outlook.com;0494-564699;Hotel Chittenden
264;08:00-21:00;New York;10/2/17 1:11;Bond St;ritz-carlton_hotel@aol.com;0499-964876;Ritz-Carlton Hotel
265;13:00-23:00;San Francisco;10/3/17 11:11;Cashmere St;w_atlee_burpee@mail.com;0498-897226;W. Atlee Burpee
266;08:00-12:00;San Francisco;10/8/17 9:06;Cornwall St;college_of_pharmacy_of_the_city_of_ny@yahoo.com;0497-902578;College Of Pharmacy Of The City Of Ny
267;08:00-12:00;San Francisco;10/14/17 20:37;E Rd - City College Of San Francisco;st_georges_society_of_new_york@outlook.com;0496-724561;St. Georges Society Of New York
268;12:00-23:00;San Francisco;10/15/17 20:34;Bayside Village Pl;rods_1890s_ranch_house@inbox.com;0499-121761;Rods 1890s Ranch House
269;13:00-23:00;San Francisco;10/19/17 10:00;De Boom St;the_pilgrims@mail.com;0495-716563;The Pilgrims
270;13:00-23:00;New York;10/19/17 21:18;Beekman St;val_bella@gmail.com;0499-376327;Val Bella
271;12:00-23:00;;10/20/17 7:41;Fresnel Way;seventh_masonic_district@mail.com;0496-040228;Seventh Masonic District
272;13:00-23:00;New York;10/21/17 2:36;Robert F Wagner Sr Pl;glen_falls_club@inbox.com;0497-169737;Glen Falls Club
273;12:00-23:00;;10/21/17 20:50;Bowl Dr;nipppon_yusen_kaisha___ss_kobe_maru@aol.com;0495-365711;Nipppon Yusen Kaisha   S.S. Kobe Maru
274;08:00-21:00;New York;10/22/17 23:32;E 132nd St;metlife_building@yahoo.com;0499-503020;MetLife Building
275;12:00-23:00;;10/23/17 7:36;Meadowbrook Dr;hamburg_america_line@outlook.com;0495-118669;Hamburg America Line
276;08:00-12:00;San Francisco;11/1/17 5:36;Crespi Dr;mr_jpsmith@gmail.com;0497-644507;Mr. J.P.Smith
277;13:00-23:00;New York;11/4/17 20:46;Short Ave;royal_pavillion_hotel@mail.com;0499-920840;Royal Pavillion Hotel
278;12:00-20:00;San Francisco;11/5/17 5:15;El Polin Loop - Golden Gate National Recreation Area;hotel_statler@mail.com;0494-441699;Hotel Statler
279;12:00-23:00;New York;11/9/17 2:46;Vesey Pl;blanchs@mail.com;0497-871572;Blanchs
280;12:00-23:00;;11/14/17 18:12;W 123rd St;taillevent@outlook.com;0495-037238;Taillevent
281;13:00-23:00;New York;11/14/17 23:54;Hanover Square;washington_association_of_bowdoin_alumni@mail.com;0496-364859;Washington Association Of Bowdoin Alumni
282;12:00-23:00;;11/16/17 17:32;Avenue D;personal_friends,_business_associates,_and_citizens@aol.com;0497-141419;Personal Friends, Business Associates, And Citizens
283;13:00-23:00;New York;11/16/17 23:18;W 165th St;associates_of_the_interborough_rapid_transit_co@yahoo.com;0496-498427;Associates Of The Interborough Rapid Transit Co.
284;12:00-23:00;;11/17/17 8:37;Roosevelt Island Bridge;haans@inbox.com;0495-368488;Haans
285;12:00-23:00;;11/17/17 16:19;E 15th St;santa_fe_route_dining_car_service@gmail.com;0494-055669;Santa Fe Route Dining Car Service
286;13:00-23:00;New York;11/17/17 22:19;Gustave L. Levy Pl;restaurant_cafe_winkler@gmail.com;0494-530143;Restaurant Cafe Winkler
287;12:00-23:00;;11/22/17 23:37;Marketfield St;usatlantic_fleet_crews@gmail.com;0497-061282;U.S.Atlantic Fleet Crews
288;08:00-21:00;New York;11/29/17 4:27;Sullivan St;the_greenbrier@inbox.com;0494-429919;The Greenbrier
289;08:00-12:00;San Francisco;11/29/17 16:25;Alana Way;nippon_yusen_kaisha__ssnasuga@outlook.com;0498-943233;Nippon Yusen Kaisha  S.S.Nasuga
290;08:00-12:00;San Francisco;11/30/17 5:43;Rockridge Dr;the_patriarchs@hotmail.com;0497-353483;The Patriarchs
291;12:00-23:00;;12/1/17 5:56;Rockefeller Plaza;hd_bristols_oyster_&_chop_house@outlook.com;0496-661932;H.D. Bristols Oyster & Chop House
292;08:00-12:00;San Francisco;12/4/17 0:13;Toyon Ln;chamber_of_commerce_(new_york_city?)@outlook.com;0499-298797;Chamber Of Commerce (New York City?)
293;12:00-23:00;;12/6/17 17:21;Flournoy St;russell_house,the@aol.com;0496-624597;Russell House,The
294;12:00-23:00;;12/6/17 20:14;Bird St;american_spool_cotton_manufacturers_association@hotmail.com;0497-515464;American Spool Cotton Manufacturers Association
295;12:00-23:00;;12/8/17 11:00;Fresnel Way;liptons_restaurant@mail.com;0499-421579;Liptons Restaurant
296;08:00-21:00;San Francisco;12/11/17 5:50;Augusta St;poodle_duck_club@gmail.com;0497-687415;Poodle Duck Club
297;12:00-23:00;;12/11/17 21:56;Flournoy St;club_31@inbox.com;0499-540935;Club 31
298;12:00-23:00;;12/12/17 7:40;San Marcos Ave;grand_union_hotel@inbox.com;0494-309588;Grand Union Hotel
299;12:00-23:00;;12/13/17 22:23;Clarkson St;simpson_timber@aol.com;0497-506171;Simpson Timber
300;12:00-23:00;;12/15/17 1:35;Tucker Ave;dr_h_g_sherman@hotmail.com;0496-897141;Dr. H. G. Sherman
301;08:00-21:00;San Francisco;12/15/17 12:08;Battery Blaney Rd - Golden Gate National Recreation Area;celtic_club@yahoo.com;0498-001127;Celtic Club
302;08:00-12:00;San Francisco;12/15/17 20:08;Bertha Ln;deal_golf_and_country_club@mail.com;0494-785698;Deal Golf and Country Club
303;13:00-23:00;New York;12/16/17 22:02;Centre Market Pl;hotel_grenoble@gmail.com;0497-826678;Hotel Grenoble
304;13:00-23:00;San Francisco;12/17/17 19:30;Central Ave;the_terrace_restaurant@mail.com;0496-597067;The Terrace Restaurant
305;08:00-12:00;San Francisco;12/22/17 11:44;Emery Ln;union_pacific@aol.com;0498-294684;Union Pacific
306;12:00-23:00;;12/27/17 11:42;South End Ave;the_florida_brewing_co@outlook.com;0496-784129;The Florida Brewing Co.
307;12:00-20:00;New York;12/28/17 5:42;Queens Midtown Tunnel;dr_h_g_sherman@inbox.com;0497-068717;Dr. H. G. Sherman
308;08:00-21:00;New York;12/28/17 7:26;E 88th St;south_shore_country_club@yahoo.com;0498-612246;South Shore Country Club
309;12:00-23:00;;12/28/17 12:42;W 154th St;ideal_dining_and_lunch_room@outlook.com;0497-457228;Ideal Dining And Lunch Room
310;08:00-12:00;San Francisco;1/1/18 18:29;Bemis St;jewelers_league_of_new_york@aol.com;0498-186979;Jewelers League Of New York
311;08:00-21:00;New York;1/11/18 22:36;Reade St;west_side_club@inbox.com;0495-442023;West Side Club
312;13:00-23:00;New York;1/14/18 4:11;W 31st St;hotel_de_paris@outlook.com;0496-813960;Hotel De Paris
313;12:00-20:00;New York;1/18/18 2:59;E 113th St;clinton_b_fisk_prohibition_club@inbox.com;0499-321497;Clinton B. Fisk Prohibition Club
314;12:00-23:00;;1/23/18 11:23;Beale St;willards_hotel@inbox.com;0499-396148;Willards Hotel
315;12:00-23:00;;1/27/18 8:00;Penn Plaza;safari_hotel@mail.com;0494-511657;Safari Hotel
316;08:00-21:00;New York;2/1/18 8:00;W 181st St;memorial_apts@hotmail.com;0496-568502;Memorial Apts.
317;12:00-23:00;;2/2/18 7:28;Leona Terrace;mills_hotel@gmail.com;0496-313456;Mills Hotel
318;08:00-12:00;San Francisco;2/2/18 9:37;Ecker St;stauchs_resturant@aol.com;0494-551799;Stauchs Resturant
319;08:00-21:00;San Francisco;2/7/18 3:44;Freelon St;penn_stroud_hotel@mail.com;0498-638390;Penn Stroud Hotel
320;13:00-23:00;San Francisco;2/8/18 14:41;Dwight St;ernest_marples_cellars@hotmail.com;0497-895115;Ernest Marples Cellars
321;12:00-23:00;;2/9/18 10:16;Laurel St;hotel_de_la_tremoille@aol.com;0496-792550;Hotel De La Tremoille
322;12:00-23:00;;2/10/18 9:39;W 181st St;chocorua_inn@hotmail.com;0495-270358;Chocorua Inn
323;08:00-21:00;San Francisco;2/23/18 1:07;Crook St - Golden Gate National Recreation Area;regal@aol.com;0499-711644;Regal
324;13:00-23:00;New York;2/25/18 8:12;E 101st St;cafe_mellone@mail.com;0499-140440;Cafe Mellone
325;12:00-23:00;;3/1/18 7:28;Edinburgh St;hotel_lexington@hotmail.com;0497-521831;Hotel Lexington
326;12:00-23:00;;3/2/18 2:05;Spruce St;patricia_murphys_candlelight_restaurants@gmail.com;0496-780723;Patricia Murphys Candlelight Restaurants
327;08:00-12:00;New York;3/3/18 11:37;Oliver St;victorian@mail.com;0497-916301;Victorian
328;12:00-23:00;;3/3/18 23:33;Emmet Ct;explorers_club___arctic_club@yahoo.com;0498-853282;Explorers Club   Arctic Club
329;13:00-23:00;New York;3/5/18 10:58;Washington Square S;ss_american_merchant@aol.com;0497-524026;S.S. American Merchant
330;13:00-23:00;New York;3/7/18 5:11;River Rd;oneco_hotel@outlook.com;0495-918349;Oneco Hotel
331;12:00-23:00;;3/7/18 14:57;W 154th St;ex_libris@mail.com;0495-086547;Ex Libris
332;12:00-23:00;;3/7/18 23:56;Lake Merced Hill S St;cf_wetzel@hotmail.com;0498-319369;C.F. Wetzel
333;08:00-12:00;New York;3/8/18 8:04;W 157th St;italian_american_citizens_of_the_sixth_assembly_district@inbox.com;0495-281724;Italian American Citizens Of The Sixth Assembly District
334;13:00-23:00;New York;3/16/18 21:02;E 25th St;hotel_royal_palm@hotmail.com;0499-165371;Hotel Royal Palm
335;08:00-21:00;New York;3/18/18 4:50;W 125th St;little_china@outlook.com;0494-435750;Little China
336;12:00-20:00;San Francisco;3/18/18 11:59;Church St;ss_nieuw_amsterdam@yahoo.com;0496-586379;S.S. Nieuw Amsterdam
337;12:00-23:00;;3/23/18 8:41;Leona Terrace;southern_railway@hotmail.com;0496-657871;Southern Railway
338;12:00-23:00;;3/28/18 15:16;Pond St;lucullus_club@inbox.com;0496-986245;Lucullus Club
339;08:00-12:00;New York;3/29/18 19:33;F D R Drive Service Rd E;restaurant_le_bourgogne@yahoo.com;0499-815162;Restaurant Le Bourgogne
340;12:00-23:00;;4/7/18 5:21;Quintara St;18th_club@outlook.com;0494-267745;18th Club
341;13:00-23:00;New York;4/8/18 23:30;Craig Rd N;deutsche_liederkranz@mail.com;0497-036924;Deutsche Liederkranz
342;13:00-23:00;New York;4/9/18 8:11;Church St;frankfurter_hof@mail.com;0498-869493;Frankfurter Hof
343;08:00-21:00;San Francisco;4/12/18 0:38;San Felipe Ave;battle_creek_sanitarium@yahoo.com;0495-457335;Battle Creek Sanitarium
344;13:00-23:00;San Francisco;4/12/18 6:15;Reuel Ct;bangkok_cuisine@hotmail.com;0497-983256;Bangkok Cuisine
345;08:00-12:00;San Francisco;4/13/18 0:55;Ingerson Ave;all_souls_church@aol.com;0495-822731;All Souls Church
346;08:00-12:00;San Francisco;4/26/18 17:31;Jefferson St;mandels_tea_rooms@aol.com;0496-621540;Mandels Tea Rooms
347;13:00-23:00;New York;4/26/18 17:32;2nd St (See E 2nd St below);paquebot_ile_de_france@gmail.com;0495-042205;Paquebot Ile De France
348;08:00-21:00;New York;5/15/18 4:06;Washington Square W;kemms_cafe_and_restaurant@inbox.com;0495-953773;Kemms Cafe and Restaurant
349;12:00-23:00;;5/17/18 9:52;E 36th St;haverford_association_of_new_york@hotmail.com;0494-267012;Haverford Association Of New York
350;13:00-23:00;San Francisco;5/21/18 4:03;Dore St;hotel_colorado@outlook.com;0499-224770;Hotel Colorado
351;08:00-12:00;New York;5/24/18 17:52;Coenties Alley;king_frederik_viii@outlook.com;0499-382549;King Frederik Viii
352;13:00-23:00;San Francisco;6/10/18 19:54;Redfield Alley;the_red_star_inn@mail.com;0495-359995;The Red Star Inn
353;12:00-23:00;;6/10/18 19:58;Tenny Pl;sheraton_blackstone_chicago@inbox.com;0497-637785;Sheraton Blackstone Chicago
354;12:00-23:00;;6/11/18 19:41;Bush St;orpheus_masquerade@hotmail.com;0499-888462;Orpheus Masquerade
355;08:00-21:00;New York;6/13/18 22:49;E 4th St;girard_college@gmail.com;0495-994770;Girard College
356;12:00-23:00;;6/15/18 7:26;Avenue C;society_of_colonial_wars_in_state_of_new_jersey@inbox.com;0499-532891;Society Of Colonial Wars In State Of New Jersey
357;12:00-20:00;San Francisco;6/18/18 8:52;Joost Ave;police_department_of_the_city_of_new_york@hotmail.com;0496-870962;Police Department Of The City Of New York
358;08:00-12:00;San Francisco;6/20/18 15:39;Clipper St;manhattan_casino@gmail.com;0499-743514;Manhattan Casino
359;12:00-23:00;;7/1/18 14:30;Sansome St;the_ballroom_of_the_hotel_plaza@yahoo.com;0494-478153;The Ballroom Of The Hotel Plaza
360;08:00-12:00;San Francisco;7/5/18 17:25;7th Ave;the_lawrence@inbox.com;0495-175387;The Lawrence
361;13:00-23:00;San Francisco;7/6/18 0:27;Mason Ct;hofbrau_haus@mail.com;0497-964074;Hofbrau Haus
362;13:00-23:00;New York;7/11/18 12:54;Queensboro Bridge;missouri_society@hotmail.com;0496-413740;Missouri Society
363;12:00-20:00;New York;7/18/18 21:01;Leroy St;grunewald_hotel@outlook.com;0496-985254;Grunewald Hotel
364;13:00-23:00;San Francisco;7/20/18 6:11;Bliss St - Golden Gate National Recreation Area;mrs_h_mc_k_twombley@hotmail.com;0498-406807;Mrs. H. Mc K. Twombley
365;12:00-23:00;;7/25/18 6:16;Calgary St;frederik_viii@hotmail.com;0498-505329;Frederik Viii
366;08:00-12:00;San Francisco;7/26/18 8:40;Belle Ave;hotel_westminster@hotmail.com;0499-910156;Hotel Westminster
367;08:00-12:00;San Francisco;7/27/18 17:38;Cargo Way;restaurant_name_and/or_location_not_given]@yahoo.com;0496-324507;Restaurant name and/or location not given]
368;13:00-23:00;San Francisco;7/31/18 22:31;Sola Ave;mountain_park_hotel@aol.com;0495-322017;Mountain Park Hotel
369;08:00-21:00;San Francisco;8/5/18 19:51;Chenery St;club_venus@gmail.com;0499-058417;Club Venus
370;08:00-21:00;San Francisco;8/10/18 0:34;Auburn St;louisville_&_nashville_railroaad___the_pullman_co@mail.com;0497-666392;Louisville & Nashville Railroaad   The Pullman Co.
371;13:00-23:00;San Francisco;8/13/18 4:14;Ruger St - Golden Gate National Recreation Area;hochst@outlook.com;0496-521794;Hochst
372;08:00-12:00;San Francisco;8/17/18 16:39;Clearview Ct;the_thirteen_club@hotmail.com;0498-363167;The Thirteen Club
373;12:00-23:00;;8/18/18 4:18;Ocean Ave;friends_of_mr_charles_a_brunn@mail.com;0495-857428;Friends Of Mr. Charles A. Brunn
374;13:00-23:00;San Francisco;8/22/18 9:43;Taber Alley;american_chamber_of_commerce_of_paris_commission_for_the_exposiion_of_1900@aol.com;0495-912144;American Chamber Of Commerce Of Paris Commission For The Exposiion Of 1900
375;08:00-12:00;San Francisco;8/25/18 9:04;Mountain Spring Ave;terrace_garden@gmail.com;0498-024279;Terrace Garden
376;13:00-23:00;New York;9/3/18 18:52;Main St;hotel_eugenia_victoria@mail.com;0499-238506;Hotel Eugenia Victoria
377;08:00-21:00;New York;9/5/18 16:47;Chatham Square;chews_cafe@mail.com;0499-718466;Chews Cafe
378;13:00-23:00;New York;9/11/18 12:21;Union Square E;petrossian_restaurant@outlook.com;0497-167234;Petrossian Restaurant
379;13:00-23:00;San Francisco;9/21/18 17:50;Mansell St;keystone_restaurant@hotmail.com;0495-243095;Keystone Restaurant
380;08:00-12:00;San Francisco;9/25/18 23:03;Buckingham Way;mayor_and_citizens_of_chicago@mail.com;0497-436195;Mayor And Citizens Of Chicago
381;12:00-20:00;New York;9/28/18 2:06;Minetta St;tsuruya@inbox.com;0499-748143;Tsuruya
382;13:00-23:00;San Francisco;9/29/18 23:22;Dale Pl;smsvineta@inbox.com;0495-142934;S.M.S.Vineta
383;13:00-23:00;New York;10/1/18 4:35;E 102nd St;annual_dinner_of_the_new_york_university_alumni_association,_waldorf_astoria@hotmail.com;0496-819370;Annual Dinner Of The New York University Alumni Association, Waldorf Astoria
384;12:00-20:00;San Francisco;10/5/18 21:26;Rivera St;la_residence@hotmail.com;0495-548003;La Residence
385;13:00-23:00;New York;10/13/18 0:54;Cooper Square;amys@hotmail.com;0495-931276;Amys
386;08:00-12:00;New York;10/20/18 20:54;W 27th St;deutschen_haus@hotmail.com;0494-247589;Deutschen Haus
387;12:00-20:00;New York;10/25/18 20:51;Harlem River Dr;societa_la_piemontese@inbox.com;0495-910657;Societa La Piemontese
388;13:00-23:00;New York;10/27/18 23:36;E 55th St;comrades_of_the_army_of_the_potomac@yahoo.com;0497-243460;Comrades Of The Army Of The Potomac
389;08:00-21:00;San Francisco;10/30/18 13:27;Donahue St;donahues_lunch@outlook.com;0494-639488;Donahues Lunch
390;08:00-12:00;San Francisco;11/5/18 4:59;Denslowe Dr;papyrus_club@aol.com;0494-352572;Papyrus Club
391;08:00-12:00;San Francisco;11/11/18 7:54;Sternberg Rd - Golden Gate National Recreation Area;association_of_life_insurance_medical_directors@aol.com;0499-190429;Association Of Life Insurance Medical Directors
392;13:00-23:00;New York;11/11/18 11:38;Martin Luther King Blvd;fritzels@outlook.com;0497-163415;Fritzels
393;12:00-23:00;;11/23/18 4:42;Southard Pl;friends_of_geo_w_gardner@hotmail.com;0499-673234;Friends Of Geo W. Gardner
394;13:00-23:00;New York;11/25/18 5:35;W 119th St;palace_hotel_restaurat@mail.com;0496-199308;Palace Hotel Restaurat
395;13:00-23:00;New York;11/25/18 17:13;Canal St;thomas_cook_&_son_special@mail.com;0495-433632;Thomas Cook & Son Special
396;12:00-23:00;;12/1/18 23:50;Pitt St;parisien@aol.com;0494-018538;Parisien
397;13:00-23:00;New York;12/3/18 3:18;E 14th St;restaurant_mayan@inbox.com;0495-441347;Restaurant Mayan
398;08:00-21:00;New York;12/5/18 14:44;Albany St;pabst@hotmail.com;0496-275105;Pabst
399;12:00-23:00;;12/8/18 1:04;John F Kennedy Dr;santa_fe_dining_car_service@yahoo.com;0496-559782;Santa Fe Dining Car Service
400;12:00-20:00;New York;12/11/18 7:18;Freedom Pl;nippon_yusen_kaisha___ss_kobe_maru@outlook.com;0494-112445;Nippon Yusen Kaisha   S.S. Kobe Maru
401;13:00-23:00;New York;12/19/18 22:39;Pomander Walk;le_provencal@mail.com;0494-967480;Le Provencal
402;08:00-12:00;San Francisco;12/21/18 12:16;Faxon Ave;board_of_managers_of_the_private_charitable_institutions@outlook.com;0495-914776;Board Of Managers Of The Private Charitable Institutions
403;13:00-23:00;New York;12/29/18 17:23;Ferry Line Rd;au_chat_noir@mail.com;0496-864366;Au Chat Noir
404;12:00-20:00;New York;1/5/19 6:23;W 107th St;king_solomons_grill@inbox.com;0498-050087;King Solomons Grill
405;08:00-12:00;New York;1/5/19 6:36;Vesey St;shezan@gmail.com;0498-702295;Shezan
406;08:00-12:00;San Francisco;1/6/19 12:11;Hooper St;norddeutsch_lloyd_bremen@outlook.com;0496-602046;Norddeutsch Lloyd Bremen
407;12:00-20:00;San Francisco;1/7/19 6:32;Mission St;south_shore_country_club@outlook.com;0497-844548;South Shore Country Club
408;08:00-12:00;San Francisco;1/7/19 8:06;Hill Point Ave;zodiac_room_at_neiman_marcus@gmail.com;0497-866667;Zodiac Room At Neiman Marcus
409;08:00-12:00;San Francisco;1/19/19 14:15;Peralta Ave;albany_society_of_nyc@yahoo.com;0497-145201;Albany Society Of Nyc
410;13:00-23:00;New York;1/25/19 4:37;Rutgers Slip;supper_menu,_red_star_line_antwerpen_new_york_antwerpen_boston@yahoo.com;0494-602526;Supper Menu, Red Star Line Antwerpen New York Antwerpen Boston
411;08:00-21:00;New York;2/4/19 13:47;W 22nd St;sons_of_delaware@inbox.com;0497-477821;Sons Of Delaware
412;13:00-23:00;New York;2/6/19 18:05;W 225th St;union_league_of_maryland@inbox.com;0498-572670;Union League Of Maryland
413;08:00-21:00;San Francisco;2/13/19 10:05;Clementina St;waltons_old_homestead_oyster_and_chop_house@hotmail.com;0495-034310;Waltons Old Homestead Oyster And Chop House
414;13:00-23:00;New York;2/14/19 12:35;Manhattan;rh_macy_and_co@mail.com;0495-810995;R.H. Macy and Co.
415;12:00-20:00;New York;2/18/19 7:11;Duke Ellington Blvd;le_vert_galant@hotmail.com;0494-695923;Le Vert Galant
416;12:00-23:00;;2/25/19 4:14;Hamilton Pl;hotel_cecil@outlook.com;0498-426305;Hotel Cecil
417;13:00-23:00;New York;2/27/19 13:19;W 9th St;2601_parkway@hotmail.com;0497-177926;2601 Parkway
418;12:00-20:00;San Francisco;3/3/19 0:42;18th St;tzu_hai_pin_cantonese_restaurant@outlook.com;0494-371649;Tzu Hai Pin Cantonese Restaurant
419;08:00-12:00;San Francisco;3/3/19 20:00;Marengo St;german_gov@hotmail.com;0499-557897;German Gov.
420;08:00-12:00;New York;3/15/19 1:49;W 4th St;aidas_east@hotmail.com;0498-997767;Aidas East
421;13:00-23:00;San Francisco;3/17/19 2:33;Juri St;corps_consulaire@aol.com;0498-974115;Corps Consulaire
422;08:00-12:00;San Francisco;3/25/19 7:25;Peninsula Ave;mr_lowden@gmail.com;0496-267789;Mr. Lowden
423;08:00-21:00;San Francisco;3/26/19 15:08;Freeman Ct;mitre_hotel@outlook.com;0499-584187;Mitre Hotel
424;08:00-12:00;San Francisco;3/29/19 10:57;Atalaya Terrace;city_editors_association_of_philadelphia@yahoo.com;0496-041119;City Editors Association Of Philadelphia
